{"cameraMode":{"drawMode":0,"name":"Shaded","section":"Shading Mode"},"sceneLighting":true,"audioPlay":false,"sceneViewState":{"m_AlwaysRefresh":false,"showFog":true,"showSkybox":true,"showFlares":true,"showImageEffects":true,"showParticleSystems":true,"showVisualEffectGraphs":true,"m_FxEnabled":true},"in2DMode":false,"pivot":{"x":16.595916748046876,"y":3.016085386276245,"z":36.653865814208987},"rotation":{"x":-0.0026614114176481964,"y":-0.3211119771003723,"z":0.0009010230423882604,"w":-0.947041392326355},"size":13.4987211227417,"orthographic":false}