{"cameraMode":{"drawMode":0,"name":"Shaded","section":"Shading Mode"},"sceneLighting":true,"audioPlay":false,"sceneViewState":{"m_AlwaysRefresh":false,"showFog":true,"showSkybox":true,"showFlares":true,"showImageEffects":true,"showParticleSystems":true,"showVisualEffectGraphs":true,"m_FxEnabled":true},"in2DMode":false,"pivot":{"x":748.4213256835938,"y":643.1212158203125,"z":-101.05970001220703},"rotation":{"x":-0.0361868217587471,"y":0.006494847591966391,"z":0.0000973662463366054,"w":0.9994187355041504},"size":393.05206298828127,"orthographic":false}