{"cameraMode":{"drawMode":0,"name":"Shaded","section":"Shading Mode"},"sceneLighting":true,"audioPlay":false,"sceneViewState":{"m_AlwaysRefresh":false,"showFog":true,"showSkybox":true,"showFlares":true,"showImageEffects":true,"showParticleSystems":true,"showVisualEffectGraphs":true,"m_FxEnabled":true},"in2DMode":false,"pivot":{"x":0.5100939273834229,"y":-0.4204471707344055,"z":-10.88202953338623},"rotation":{"x":-0.07433759421110153,"y":0.5505295991897583,"z":-0.04929420351982117,"w":-0.8301142454147339},"size":3.7199580669403078,"orthographic":false}