{"cameraMode":{"drawMode":0,"name":"Shaded","section":"Shading Mode"},"sceneLighting":true,"audioPlay":false,"sceneViewState":{"m_AlwaysRefresh":false,"showFog":true,"showSkybox":true,"showFlares":true,"showImageEffects":true,"showParticleSystems":true,"showVisualEffectGraphs":true,"m_FxEnabled":true},"in2DMode":false,"pivot":{"x":-11.152451515197754,"y":5.040295600891113,"z":-15.047972679138184},"rotation":{"x":0.2633100152015686,"y":0.07704547047615051,"z":-0.021233079954981805,"w":0.9615042805671692},"size":0.5967783331871033,"orthographic":false}