{"cameraMode":{"drawMode":0,"name":"Shaded","section":"Shading Mode"},"sceneLighting":true,"audioPlay":false,"sceneViewState":{"m_AlwaysRefresh":false,"showFog":true,"showSkybox":true,"showFlares":true,"showImageEffects":true,"showParticleSystems":true,"showVisualEffectGraphs":true,"m_FxEnabled":true},"in2DMode":false,"pivot":{"x":185.30987548828126,"y":412.25714111328127,"z":350.2378234863281},"rotation":{"x":-0.015190549194812775,"y":-0.008003253489732743,"z":-0.000134510628413409,"w":0.9999172687530518},"size":371.69512939453127,"orthographic":false}