{"cameraMode":{"drawMode":0,"name":"Shaded","section":"Shading Mode"},"sceneLighting":true,"audioPlay":false,"sceneViewState":{"m_AlwaysRefresh":false,"showFog":true,"showSkybox":true,"showFlares":true,"showImageEffects":true,"showParticleSystems":true,"showVisualEffectGraphs":true,"m_FxEnabled":true},"in2DMode":false,"pivot":{"x":2.7280280590057375,"y":4.4485673904418949,"z":19.982519149780275},"rotation":{"x":0.004497688729315996,"y":-0.03421876206994057,"z":-0.00016227712330874056,"w":-0.9994463324546814},"size":28.242935180664064,"orthographic":false}