{"cameraMode":{"drawMode":0,"name":"Shaded","section":"Shading Mode"},"sceneLighting":true,"audioPlay":false,"sceneViewState":{"m_AlwaysRefresh":false,"showFog":true,"showSkybox":true,"showFlares":true,"showImageEffects":true,"showParticleSystems":true,"showVisualEffectGraphs":true,"m_FxEnabled":true},"in2DMode":false,"pivot":{"x":-43.32368087768555,"y":-7.8239665031433109,"z":14.61651611328125},"rotation":{"x":0.22143274545669557,"y":-0.043850965797901157,"z":0.010043814778327942,"w":0.9742105603218079},"size":19.38275146484375,"orthographic":false}